[{"u":"http:\/\/drawminos.com\/","d":"DRAWMINOS","t":["games","flash","game","fun","dominos","kids","web","funny","cool","webgame"],"dt":"2008-11-28T20:08:25Z"},{"u":"http:\/\/www.makeuseof.com\/tag\/email-to-sms\/","d":"How To Send Email To Any Cell Phone (for Free) | MakeUseOf.com","t":["email","sms","phone","cellphone","tools","mobile","texting","free","tips","text"],"dt":"2008-11-28T20:08:25Z"},{"u":"http:\/\/www.the-digital-picture.com\/Canon-Lenses\/Where-To-Buy-Used-Canon-Lenses.aspx","d":"Where to Buy Used Canon Lenses","t":["photography","canon","used","shopping","lenses","camera","lens","equipment","photo","resources"],"dt":"2008-11-28T20:08:25Z"},{"u":"http:\/\/www.abduzeedo.com\/29-great-free-textures","d":"29 Great Free Textures | Abduzeedo - design inspiration & tutorials","t":["textures","photoshop","resources","free","texture","webdesign","design","texturas","graphics","resource"],"dt":"2008-11-28T20:08:25Z"},{"u":"http:\/\/www.jeffbridges.com\/ironmanbook_cover.html","d":"JeffBridges.com - Ironman book","t":["photography","ironman","movies","film","jeffbridges","photos","art","movie","inspiration","pics"],"dt":"2008-11-28T20:08:25Z"},{"u":"http:\/\/www.techradar.com\/news\/internet\/web\/esssential-free-apps-for-your-web-design-toolkit-485214?src=rss&attr=all","d":"Essential free apps for your web design toolkit | News | TechRadar UK","t":["webdesign","web","tools","design","free","webdev","freeware","development","software","opensource"],"dt":"2008-11-28T20:08:25Z"},{"u":"http:\/\/www.toxel.com\/design\/2008\/11\/26\/24-beautiful-and-creative-website-headers\/","d":"Toxel.com \u00bb 24 Beautiful and Creative Website Headers","t":["webdesign","inspiration","design","headers","graphics","website","web","css","interface","gallery"],"dt":"2008-11-28T20:08:25Z"},{"u":"http:\/\/livelabs.com\/seadragon-ajax\/","d":"Seadragon Ajax : Microsoft Live Labs","t":["ajax","javascript","zoom","microsoft","seadragon","deepzoom","visualization","silverlight","viewer","photography"],"dt":"2008-11-28T20:08:25Z"},{"u":"http:\/\/blog.makezine.com\/archive\/2008\/11\/aduino_gift_guide.html","d":"MAKE: Blog: Arduino Gift Guide!","t":["arduino","electronics","hardware","diy","make","microcontroller","microcontrollers","todo","usb","projects"],"dt":"2008-11-28T20:08:25Z"},{"u":"http:\/\/crazeegeekchick.com\/blog\/27-free-must-have-online-collaboration-tools\/","d":"27 Free Must-have Online Collaboration Tools : Crazeegeekchick.com","t":["collaboration","tools","web2.0","online","software","web","webtools","project-management","technology","free"],"dt":"2008-11-28T20:08:25Z"},{"u":"http:\/\/goingtorain.com\/","d":"is it going to rain?","t":["weather","rain","forecast","news","web","reference","tools","cool","online","funny"],"dt":"2008-11-28T20:08:25Z"},{"u":"http:\/\/mac.utorrent.com\/beta\/","d":"\u00b5Torrent - The Lightweight and Efficient BitTorrent Client","t":["mac","torrent","software","utorrent","osx","bittorrent","p2p","torrents","apple","free"],"dt":"2008-11-28T20:08:25Z"},{"u":"http:\/\/www.playauditorium.com\/#index","d":"Play Auditorium","t":["games","flash","game","fun","online","audio","physics","inspiration","cool","interesting"],"dt":"2008-11-28T20:08:25Z"},{"u":"http:\/\/www.artcareer.net\/2008\/100-free-essential-web-tools-for-digital-artists\/","d":"100 Free, Essential Web Tools for Digital Artists | Art Career","t":["tools","design","art","web","photography","webtools","digital","webdesign","web2.0","graphics"],"dt":"2008-11-28T20:08:25Z"},{"u":"http:\/\/news.nationalgeographic.com\/news\/2008\/11\/081124-giant-squid-magnapinna.html","d":"Alien-like Squid With \"Elbows\" Filmed at Drilling Site","t":["video","squid","science","ocean","animals","nature","biology","interesting","weird","cool"],"dt":"2008-11-28T20:08:25Z"}]